{"cameraMode":{"drawMode":0,"name":"Shaded","section":"Shading Mode"},"sceneLighting":false,"audioPlay":false,"sceneViewState":{"m_AlwaysRefresh":false,"showFog":true,"showSkybox":false,"showFlares":true,"showImageEffects":true,"showParticleSystems":true,"showVisualEffectGraphs":true,"m_FxEnabled":true},"in2DMode":false,"pivot":{"x":-0.0029450654983520509,"y":0.9992653131484985,"z":0.05824527144432068},"rotation":{"x":0.05129041522741318,"y":-0.9460570216178894,"z":0.2596914768218994,"w":0.1868537813425064},"size":1.2008204460144044,"orthographic":false}