{"cameraMode":{"drawMode":0,"name":"Shaded","section":"Shading Mode"},"sceneLighting":true,"audioPlay":false,"sceneViewState":{"m_AlwaysRefresh":false,"showFog":true,"showSkybox":true,"showFlares":true,"showImageEffects":true,"showParticleSystems":true,"showVisualEffectGraphs":true,"m_FxEnabled":true},"in2DMode":false,"pivot":{"x":-1.7835462093353272,"y":2.2530715465545656,"z":3.459390640258789},"rotation":{"x":0.09488057345151901,"y":-0.7481525540351868,"z":0.10963096469640732,"w":0.6474922895431519},"size":1.2311087846755982,"orthographic":false}