{"cameraMode":{"drawMode":0,"name":"Shaded","section":"Shading Mode"},"sceneLighting":true,"audioPlay":false,"sceneViewState":{"m_AlwaysRefresh":false,"showFog":true,"showSkybox":true,"showFlares":true,"showImageEffects":true,"showParticleSystems":true,"showVisualEffectGraphs":true,"m_FxEnabled":true},"in2DMode":false,"pivot":{"x":-0.046384334564208987,"y":0.3623678684234619,"z":-0.007290840148925781},"rotation":{"x":-0.03508034721016884,"y":0.945084273815155,"z":-0.10820872336626053,"w":-0.30638793110847475},"size":1.6501091718673707,"orthographic":false}